id,first_name,last_name,email
1,Annelise,Sowthcote,asowthcote0@nps.gov
2,Siward,Hoffner,shoffner1@harvard.edu
3,Tate,Zorzetti,tzorzetti2@sitemeter.com
4,Dalenna,Garrioch,dgarrioch3@vimeo.com
5,Sayers,Kuhnwald,skuhnwald4@bloglines.com
6,Vivianna,Kinig,vkinig5@uol.com.br
7,Penrod,O'Cullen,pocullen6@bing.com
8,Hashim,Santos,hsantos7@bizjournals.com
9,Easter,Schuchmacher,eschuchmacher8@cnet.com
10,Lindy,Cuthbertson,lcuthbertson9@wikia.com
